name;email;age;salary:isActive
Shane;Bennett.Sawayn99@gmail.com;19;68742;false
Rachelle;Adrien_Towne94@yahoo.com;97;48876;false
Meagan;Guy.Bechtelar@hotmail.com;10;50697;false
Humberto;Lavada_Daugherty96@hotmail.com;63;57100;false
Branson;Arne_Fisher2@gmail.com;65;24140;true
Efren;Luigi13@gmail.com;17;30260;true
Gonzalo;Alek57@gmail.com;75;96976;true
Mattie;Eino.Howell@gmail.com;81;33183;false
Cydney;Bulah62@yahoo.com;97;77397;true
Cassie;Leanna_Yundt@gmail.com;73;63872;false
Carmelo;Cayla60@yahoo.com;21;88630;true
Connie;Fausto.Gulgowski@hotmail.com;75;79886;true
Yadira;Damaris89@yahoo.com;65;10074;true
Boyd;Laila.Hackett38@yahoo.com;94;44720;false
Santina;Deontae_Feeney@gmail.com;33;35161;false
Axel;Tyshawn.Kessler35@yahoo.com;30;21536;false
Cordia;Javon5@hotmail.com;23;80320;true
Monte;Damaris26@yahoo.com;20;57644;true
Mafalda;Brent_Halvorson@hotmail.com;23;27949;true
Rex;Jane32@hotmail.com;76;31607;true
Federico;Trent59@hotmail.com;22;18789;true
Nona;Juwan.Quigley94@yahoo.com;24;68150;false
Georgianna;Laurel.Leannon@gmail.com;16;04971;false
Betsy;Waldo.Hegmann82@hotmail.com;45;21864;false
Rubie;Chris60@gmail.com;85;73414;true
Andres;Corbin.Von71@yahoo.com;83;28665;true
Brannon;Beth.Mayert@hotmail.com;87;78781;true
Federico;Alvina_Harber-Barrows80@gmail.com;88;09121;false
Neal;Jewell6@gmail.com;90;11652;false
Kariane;Anibal18@yahoo.com;61;24465;true
Jany;Tina65@hotmail.com;82;85748;false
Jacky;Moshe19@gmail.com;15;67415;false
Bobbie;Orval74@gmail.com;13;35790;true
Mary;Erin.Bogan@gmail.com;79;67041;false
Rosemarie;Grover26@yahoo.com;39;43587;false
Jettie;Margarett12@gmail.com;74;10234;false
Hannah;Vernon58@hotmail.com;28;58124;false
Eldon;Mary_Zulauf@gmail.com;83;34302;true
Gracie;Dan.Haley@hotmail.com;84;15554;true
Sven;Mose.Weimann@hotmail.com;22;02104;false
Elsie;Jarrod.Renner16@hotmail.com;99;93523;true
Deanna;Karlee79@hotmail.com;19;67251;true
Erika;Alia_Kuhic@hotmail.com;19;24329;false
Tito;Murphy_Blick12@gmail.com;39;69732;true
Grace;Teagan_Bradtke43@yahoo.com;59;39635;false
Dawn;Myah_OConnell51@yahoo.com;79;20721;false
Sydnie;Kirk.Daniel66@yahoo.com;99;08824;false
Claudia;Jeremy.Heathcote80@yahoo.com;20;55928;false
Kristopher;Abelardo.Walker-Morissette40@gmail.com;100;04694;false
Chyna;Benedict33@yahoo.com;69;08435;false
Adah;Reggie73@hotmail.com;25;44261;false
Mikel;Kiana_Beer15@yahoo.com;15;64799;true
Hilton;Winifred30@yahoo.com;54;34169;true
Sienna;Jayson_Murray52@gmail.com;66;89744;false
Albertha;Aurelie_Reichert@gmail.com;47;91220;true
Ahmed;Lavonne22@gmail.com;10;68722;false
Vincent;Alford_Breitenberg@hotmail.com;32;43372;false
Delmer;Darrel22@gmail.com;47;88504;true
Jana;Rigoberto_Paucek33@gmail.com;94;31525;false
Abbey;Grady57@gmail.com;91;15586;false
Maud;Vernice8@gmail.com;60;74545;false
Remington;Nat75@hotmail.com;98;01220;true
Anibal;Earline_Thiel62@yahoo.com;74;45538;false
Clemmie;Antonia25@yahoo.com;82;54769;false
Darrell;Lonie22@gmail.com;64;96692;false
Branson;Gwen_Pouros14@gmail.com;10;73109;true
Osbaldo;Justus75@yahoo.com;36;09053;false
Verner;Mayra_Hettinger57@hotmail.com;50;17417;true
Ollie;Burdette.Tremblay@hotmail.com;99;19367;true
Benton;Loraine6@gmail.com;60;67315;true
Marcelino;Mossie_Brakus@yahoo.com;70;22434;false
Ferne;Jacques_Blanda@gmail.com;15;93709;false
Haylie;Ward_Russel@yahoo.com;74;06010;true
Adrian;Shyanne_Harvey60@gmail.com;75;94457;false
Gracie;Edmond_Heller@gmail.com;38;87417;false
Shaun;Nelda41@yahoo.com;82;04940;false
Malika;Wava87@gmail.com;100;83365;false
Merritt;Jean20@hotmail.com;99;57646;true
Aniyah;Dakota33@hotmail.com;22;44310;true
Stanton;Sarah.Moen62@gmail.com;64;93745;false
Amanda;Wilford.Gutkowski23@yahoo.com;52;19962;true
Burnice;Summer.Howe@gmail.com;13;56980;false
Franco;Kelton.Johnson73@yahoo.com;96;33344;false
Nola;Ottis.Morissette90@hotmail.com;32;42690;true
Darrion;Donnie.Luettgen27@hotmail.com;57;67590;true
Ramiro;Jorge.Turner16@yahoo.com;85;16201;false
Mercedes;Grant.Buckridge25@gmail.com;22;77216;true
Horacio;Brooke.Grimes66@hotmail.com;72;82037;true
Claudine;Domenick11@hotmail.com;67;82144;false
Zena;Penelope_Casper@yahoo.com;65;30150;true
Jennifer;Brayan_Spencer15@gmail.com;29;76376;true
Nicola;Elias_Volkman@gmail.com;25;19255;false
Marjory;Rocio_Baumbach-Smitham@gmail.com;58;17077;true
Ena;Delaney.Wolf-Conn@hotmail.com;40;93542;true
Briana;Carmella79@hotmail.com;99;73498;false
Oleta;Tommie_Macejkovic@hotmail.com;49;06471;true
Blanche;Jake.Stroman15@hotmail.com;19;06324;true
Sim;Ola.Harris36@gmail.com;13;13174;false
Reva;Roscoe.Graham@yahoo.com;73;33765;true
Rory;Philip8@hotmail.com;71;34821;true
Dejah;Trevion45@yahoo.com;24;09573;false
Austyn;Reta.Will-Roob@gmail.com;76;96693;true
Tremaine;Shea.Rosenbaum87@hotmail.com;82;13215;false
Colt;Mandy_Rohan19@gmail.com;50;26715;false
Tracy;Juana.Greenfelder30@hotmail.com;26;98127;true
Leopoldo;Elisabeth.Murray@hotmail.com;19;91299;false
Malachi;Westley_Hoppe@hotmail.com;48;33056;true
Kasandra;Isom_Reinger39@hotmail.com;75;93529;true
Haylee;Grace.Jast4@gmail.com;15;98703;false
Rick;Serena.White84@gmail.com;19;34238;false
Fausto;Kevon.Heathcote@hotmail.com;74;42137;false
Kelli;Yasmeen_Schaden37@gmail.com;38;76586;true
Kian;Corrine.Crona93@hotmail.com;48;67421;true
Olaf;Christ9@gmail.com;86;51462;false
Carmen;Jeanette.Rempel@hotmail.com;71;14495;false
Magali;Karlie.Yost@hotmail.com;62;82175;true
Roy;Suzanne33@yahoo.com;21;74305;false
Colleen;Arvel.Corkery@gmail.com;64;07127;true
Jaida;Aniya_Runte@gmail.com;96;96299;false
Santiago;Glenna54@hotmail.com;39;46229;true
Christophe;Saul.Maggio82@gmail.com;90;90764;true
Dolly;Francis.Ritchie@hotmail.com;77;41987;true
Sasha;Reginald_Herzog2@hotmail.com;45;56490;true
Pinkie;Gladyce.Kozey@gmail.com;25;29752;true
Jazlyn;Marcelina.Robel43@hotmail.com;13;80353;true
Henry;Leilani_Cartwright9@gmail.com;46;00421;true
Chauncey;Ransom.Schmitt@gmail.com;66;67266;false
Madilyn;Maude68@gmail.com;40;30721;true
Helen;Lilyan18@hotmail.com;59;60453;false
Salvatore;Judah_Emmerich@hotmail.com;51;48233;false
Lessie;Darlene_Stoltenberg@hotmail.com;83;59118;true
Murl;Gussie.Schaden20@hotmail.com;94;88113;false
Telly;Carlee.Sawayn@gmail.com;32;92307;false
Cicero;Carley.Greenholt@hotmail.com;24;63090;true
Thalia;Nyasia90@yahoo.com;46;29460;true
Kylee;Elroy.Powlowski@hotmail.com;61;35069;true
Neil;Clair68@gmail.com;47;60464;false
Dianna;Dimitri94@gmail.com;21;38474;true
Lukas;Allen85@yahoo.com;74;79709;false
Britney;Eileen.Rodriguez@yahoo.com;12;87253;true
Anne;Levi_Bins68@hotmail.com;78;37547;false
Adelle;Mariane54@gmail.com;87;85218;true
Philip;Kelsie60@gmail.com;55;09942;false
Theresa;Madisyn44@hotmail.com;90;84790;true
Kennedy;Leonel_Schowalter47@yahoo.com;61;91432;true
Ali;Misael.Kuvalis@hotmail.com;56;21767;false
Norene;Maegan_Feest@gmail.com;71;57422;true
Izabella;Charles68@yahoo.com;29;07752;false
Joyce;Antwon.Breitenberg@yahoo.com;45;18785;true
Etha;Tobin_Berge@gmail.com;37;87046;true
Emerald;Barney.Schowalter59@hotmail.com;99;85588;true
Ward;Alexander_Turcotte40@hotmail.com;34;42608;true
Dakota;Marley_Simonis12@gmail.com;89;88888;true
Kirsten;Rubie.Gibson93@gmail.com;38;46041;false
Phyllis;Florida18@yahoo.com;50;13619;true
Julia;Dudley68@hotmail.com;38;02002;true
Magdalena;Judge_Hartmann@yahoo.com;28;14454;true
Lavinia;Frederic_Runte95@hotmail.com;13;98873;false
Shirley;Russell_Jerde@yahoo.com;10;99910;true
Rex;Harmony.Batz12@yahoo.com;64;01299;true
Domenic;Stacy.Bosco@yahoo.com;69;37279;false
Zoe;Hipolito.Kuphal58@gmail.com;73;55718;false
Reese;Adelle_Littel@yahoo.com;41;17738;true
Adriana;Myrl.Goodwin33@yahoo.com;15;61973;false
Everette;Enid_Wyman-Dibbert37@hotmail.com;82;02861;false
Jakob;Jarrod.Graham@gmail.com;73;04618;true
Anabel;Zita24@gmail.com;31;98588;true
Furman;Clay10@gmail.com;35;91836;false
Fay;Cristal_Keeling55@gmail.com;78;96374;true
Esmeralda;Vernie_Labadie@gmail.com;72;36498;false
Domenic;Raymundo_Lind@yahoo.com;24;55471;false
Jeremie;Eugenia7@hotmail.com;81;25113;false
Ibrahim;Flavie_Bergnaum@hotmail.com;28;37157;true
Jermain;Asha56@hotmail.com;44;81449;true
Evalyn;Brendon_King@yahoo.com;24;78267;false
Mathilde;Priscilla36@gmail.com;67;49070;true
Arvel;Omari.Rogahn11@yahoo.com;92;94745;false
Sonny;Agnes_Anderson@hotmail.com;34;92888;false
Haylie;Danyka_Daniel@gmail.com;18;38267;false
Maximus;Thaddeus_Reynolds58@hotmail.com;27;15890;true
Jaeden;Savanna_MacGyver@yahoo.com;13;75275;true
Vidal;Annabel.Goodwin12@hotmail.com;89;05876;false
Katelynn;Pattie_Mitchell65@gmail.com;28;13402;true
Eula;Lila_Sawayn46@yahoo.com;95;46895;true
Louvenia;Stephany.Champlin@yahoo.com;75;50722;false
Malachi;Gustave30@hotmail.com;87;59033;false
Bethany;Alva.Jacobi@hotmail.com;99;97343;false
Emmitt;Sasha1@gmail.com;97;65714;true
Danial;Lincoln32@gmail.com;65;16320;true
Dario;Gregory80@yahoo.com;13;82729;false
Dax;Megane33@yahoo.com;98;57411;true
Henry;Estell.Haley@gmail.com;40;81573;false
Ezequiel;Paul.Ullrich72@yahoo.com;46;02930;false
Gayle;Justine_Rau45@hotmail.com;18;08355;true
Mariane;Blanche39@hotmail.com;57;50731;true
Tatum;Name.Jacobson44@gmail.com;61;40250;true
Bridgette;Barbara_Sporer@yahoo.com;94;87628;true
Ryley;Wade.Howell@gmail.com;44;03483;false
Arnoldo;Wanda_Erdman23@gmail.com;71;02423;true
Royce;Zelma57@hotmail.com;51;99271;false
Vance;Uriah36@yahoo.com;13;23041;true
Darrel;Clinton68@hotmail.com;18;25239;false
Gisselle;Deion.Stracke20@gmail.com;85;28391;false
Fatima;Anastacio_Heller@gmail.com;53;13279;true
Devon;Jamil_Pacocha86@gmail.com;47;06347;false
Angie;Thurman.Kiehn69@gmail.com;75;40534;false
Damien;Garnett_Hammes@yahoo.com;82;88547;false
Laverne;Brad_Kuphal-Gleason10@yahoo.com;78;55814;true
Gideon;Gordon_Conroy@hotmail.com;59;63306;false
Celestine;Electa.Grady79@hotmail.com;14;04658;true
Elda;Cruz.Bashirian45@gmail.com;59;50378;true
Jade;Malachi.Larkin88@hotmail.com;26;57695;true
Junius;Elinor.Nitzsche16@gmail.com;70;32161;false
Malcolm;Nicklaus_Mante@gmail.com;72;56806;false
Arielle;Evie_Bins9@hotmail.com;27;54514;true
Rosalind;Eve_Gottlieb7@gmail.com;44;80080;true
Karlie;Piper_Rolfson@yahoo.com;24;50625;true
Howard;Fermin.Pacocha@hotmail.com;74;53761;false
Johan;Hannah_Kub@hotmail.com;87;97497;false
Hilda;Sarina.Osinski23@hotmail.com;57;18259;true
Mariana;Gennaro95@hotmail.com;50;83858;false
Russ;Laney83@gmail.com;42;88045;false
Ford;Erling.Parker86@yahoo.com;60;57115;true
Amir;Kraig.Lowe19@gmail.com;71;39567;false
Lavern;Floyd24@hotmail.com;65;68433;false
Giuseppe;Madisyn.Hickle@gmail.com;34;44260;false
Leone;Candido_Mayert@hotmail.com;80;76645;true
Kailyn;Sophia8@hotmail.com;77;54173;true
Misty;Rubie.Boyer@yahoo.com;49;76351;true
Lulu;Lori_Graham29@hotmail.com;59;64999;false
Dane;Callie_Klein@hotmail.com;31;80729;false
Wilton;Brent_Huel96@gmail.com;47;45811;true
Pedro;Bruce.OConner@hotmail.com;43;74511;false
Adriana;Owen72@gmail.com;92;28095;true
Augustine;Jett93@gmail.com;54;70747;true
Damian;Tara.Becker@gmail.com;99;43837;false
Johnny;Richie_Carroll@hotmail.com;21;16755;true
Julius;Aliya50@hotmail.com;67;15689;true
Bailey;Seamus.Larson@yahoo.com;18;54503;false
Cornell;Tyshawn39@gmail.com;54;00289;true
Darien;Margarita30@yahoo.com;41;49629;false
Amiya;Bud32@hotmail.com;67;76423;false
Danny;Anais_Rohan@yahoo.com;55;06415;true
Dianna;Unique_Hessel@yahoo.com;35;98415;false
Ashleigh;Deshawn_Rath@yahoo.com;77;97209;false
Royce;Abraham82@yahoo.com;28;16165;true
Lenny;Tony_Klocko72@yahoo.com;69;88527;false
Constantin;Leann27@yahoo.com;66;13904;true
Hollis;Clyde.Dach85@gmail.com;71;08918;true
Yasmeen;Rogelio_Pollich3@gmail.com;27;61561;false
Bridie;Abbey.Halvorson-Turner@yahoo.com;36;61342;true
Hellen;Liza.Swaniawski82@hotmail.com;88;67188;false
Urban;Jermain_Murphy@hotmail.com;15;83524;true
Mazie;Era21@hotmail.com;54;26436;true
Howell;Janice_Kuhlman@yahoo.com;34;43050;true
Drew;Johathan.Pollich72@yahoo.com;96;18754;false
Sadye;Deonte.Bashirian@yahoo.com;77;42161;false
Nella;Elisha.Mayert8@yahoo.com;43;08804;false
Carley;Olen_Pacocha@gmail.com;66;68683;false
Cyril;Noble_Goldner@yahoo.com;52;09789;false
Cleora;Elda_Kozey@hotmail.com;69;71093;true
Liliana;Gabrielle_Thiel55@hotmail.com;32;34841;true
Josie;Pedro66@hotmail.com;23;25964;true
Shaniya;Alvena13@yahoo.com;20;20015;false
Rocio;Jaron_Dicki35@hotmail.com;62;29062;true
Raven;Jedidiah26@hotmail.com;18;49249;true
Angus;Houston.Fritsch26@hotmail.com;72;91762;false
Ben;Torey48@yahoo.com;100;80444;false
Emelia;Herbert97@hotmail.com;55;86105;true
Lupe;Dean_Zboncak91@hotmail.com;42;61214;true
Bobby;Gerhard78@hotmail.com;32;33439;true
Rigoberto;Buford.Lueilwitz59@gmail.com;93;93801;false
Boyd;Wava_Kshlerin-Feeney@yahoo.com;14;81952;true
Mazie;Myrtis19@hotmail.com;22;95306;false
Kayley;Yvonne40@yahoo.com;53;10620;true
Jayne;Eloise_Pouros55@gmail.com;23;65499;false
Annette;Bart.Farrell@yahoo.com;74;91031;false
Lynn;Jerry84@hotmail.com;45;43425;true
Enrique;Coleman_Cole@gmail.com;22;85503;true
Hugh;Jeanne_Jakubowski4@yahoo.com;39;53505;false
Wilfrid;Zoey_Schroeder@hotmail.com;78;47562;true
Dashawn;Hazle78@yahoo.com;46;62228;true
Madie;Ashton.Toy@gmail.com;12;82680;false
Ayana;Madisen.Gusikowski8@hotmail.com;23;46333;true
Josh;Alison48@gmail.com;19;72049;false
Roxane;Ruthie73@hotmail.com;52;89886;false
Niko;Derek41@hotmail.com;41;62147;true
Waino;Rocio.Parisian17@hotmail.com;92;80227;false
Shaun;Christiana96@hotmail.com;34;19510;false
Jayce;Caden.Lemke@hotmail.com;99;23500;true
Pablo;Demarcus_Hermann@yahoo.com;75;05404;true
Deshawn;Stevie_Schneider@gmail.com;89;36439;true
Marina;Cora.Douglas@hotmail.com;67;81814;false
Darryl;Elizabeth16@gmail.com;85;03899;true
Geo;Hester.Luettgen@hotmail.com;87;73036;false
Jaunita;Chet.Kovacek94@gmail.com;21;45708;true
Moriah;Eva_Effertz@hotmail.com;90;01820;false
Kayden;Cleveland_Blick@gmail.com;78;30378;true
Pablo;Danyka70@hotmail.com;85;92114;false
Giovanni;Billie.Hirthe14@gmail.com;44;93791;true
Mason;Ray_Mante53@hotmail.com;18;14848;true
Americo;Salma_Ratke@gmail.com;79;00393;false
Agnes;Brown.Larkin36@hotmail.com;18;61044;true
Marley;Cecelia_Spencer@hotmail.com;23;84855;true
Graham;Lera99@hotmail.com;86;22719;false
Melody;Herminia_Balistreri@hotmail.com;32;25042;true
Freeman;Sven_Jacobson@gmail.com;12;30508;true
Caesar;Michaela_Willms75@yahoo.com;96;47294;true
Matilde;Roxanne.Quigley@gmail.com;91;52735;true
Antwan;Demarco_Heller-Gusikowski@gmail.com;20;16761;true
Lulu;Deondre_Lindgren46@yahoo.com;58;11632;true
Delta;Ian.Beer@hotmail.com;71;58951;false
Raheem;Jamison98@yahoo.com;66;70623;true
Kennith;Pearlie.Mayert1@yahoo.com;15;07924;false
Euna;Urban_Ziemann@hotmail.com;33;37412;false
Nigel;Joanie.Mertz@gmail.com;10;59036;true
Zetta;Martin64@hotmail.com;57;16132;true
Edgar;Kaden_Mosciski48@hotmail.com;55;79005;true
Stan;Dustin.Carter58@hotmail.com;82;19454;false
Alene;Estell_Price87@yahoo.com;93;77146;false
Kacey;Danyka.Schowalter26@gmail.com;75;24426;false
Kenya;Armando_Streich32@yahoo.com;82;09012;false
Isobel;Caleb.Renner47@gmail.com;75;99531;false
Ansel;Adaline12@gmail.com;31;08335;true
Fern;Erling_Nitzsche31@hotmail.com;29;86685;true
Joelle;Elyssa98@yahoo.com;29;45141;false
Lysanne;Alison60@hotmail.com;15;46037;false
Kathryn;Adriana_Osinski@gmail.com;14;42528;true
Natalie;Albin_Labadie30@yahoo.com;66;08866;true
Cheyenne;Talia.Hauck@gmail.com;14;57980;false
Brandyn;Conor41@gmail.com;80;97284;false
Roderick;Rey_Johnson@yahoo.com;94;60954;true
Raegan;Arielle_Glover19@gmail.com;96;90859;true
Freddie;Shannon21@hotmail.com;48;77522;true
Brooks;Linnea.Yost@gmail.com;96;39905;true
Lola;Donald14@yahoo.com;59;30588;false
Liliana;Kennedi98@hotmail.com;71;96576;true
Luis;Alanna.Cummings37@hotmail.com;83;96190;true
Maximillia;Chaim.Spinka42@gmail.com;48;04034;false
Percival;Ronaldo_Johnson@gmail.com;37;60560;true
Llewellyn;Dillan_Hermiston0@hotmail.com;60;47104;true
Johnathon;Pierce24@gmail.com;46;59841;true
Bria;Leda73@gmail.com;10;49872;false
Tyree;John_Lubowitz@gmail.com;69;86877;true
Berniece;Lily_Koss87@gmail.com;23;32456;true
Johan;Victoria_Brakus@gmail.com;92;62801;true
Krystal;Maxie_Dooley@gmail.com;64;56320;true
Holly;Uriah.Schmeler@hotmail.com;88;89960;false
Clifton;Jazmyne94@yahoo.com;15;59899;false
Joesph;Keaton71@gmail.com;20;99225;true
Dora;Bernhard.Lang@gmail.com;44;33974;false
Queen;Antonio.Botsford60@yahoo.com;90;01013;true
Amanda;Charlie_Bernhard@hotmail.com;100;30353;false
Rhiannon;Adalberto.Hudson@yahoo.com;23;83594;true
Jalon;Sarai_Botsford2@gmail.com;24;02072;false
Isabella;Coty66@gmail.com;84;89118;true
Coby;Jordy5@hotmail.com;50;43379;false
Nelle;Chasity_Lindgren5@gmail.com;91;31447;false
Katelin;Wilma.Connelly26@gmail.com;51;93803;false
Javon;Lucious_Bruen45@gmail.com;41;21751;true
Randall;Mertie39@yahoo.com;88;19248;false
Sean;Kirstin25@yahoo.com;18;30450;true
Clarissa;Alessandro41@hotmail.com;87;21326;true
Stanford;Timothy_Flatley93@gmail.com;84;72718;false
Erica;Anabelle14@gmail.com;21;53379;false
Stone;Kyra_Johns42@yahoo.com;84;43910;true
Aida;Annette70@hotmail.com;17;46629;true
Freddy;Aniya56@gmail.com;54;12411;false
Rosario;Jarrell_Bruen@yahoo.com;47;48610;false
Angela;Vilma16@yahoo.com;63;00213;false
Emmalee;Roger.Brown@gmail.com;47;17081;true
Maud;Bernadette7@hotmail.com;92;96966;true
Flavio;Molly.Legros63@gmail.com;10;30669;true
Bernice;Jaclyn_Brekke3@gmail.com;19;24001;false
Catalina;Amparo.Morissette@gmail.com;100;40667;true
Mya;Edd_Ratke@gmail.com;88;44410;true
Foster;Brook_Waelchi@gmail.com;65;38697;false
Buddy;John66@yahoo.com;45;05897;false
Sydnee;Derick_Steuber40@hotmail.com;76;63025;true
Reva;Mackenzie49@gmail.com;38;42588;true
Carson;Kevin.Blick@hotmail.com;54;46855;false
Bianka;Tyrell96@gmail.com;73;65383;true
Daphney;Kiara38@gmail.com;40;20403;true
Vladimir;Daniela62@yahoo.com;39;54286;true
Benton;Tracey1@gmail.com;33;32689;true
Aida;Maurine_Morissette@hotmail.com;13;52898;false
Trystan;Rosella20@hotmail.com;48;53182;true
Shea;Alysson15@hotmail.com;98;31120;false
Leola;Easton_Balistreri96@gmail.com;79;96586;false
Marc;Rickie99@gmail.com;44;11962;false
Gunnar;Skyla_Hahn@gmail.com;44;82569;false
Rafael;Gina_Schmitt58@gmail.com;91;98541;true
Cleo;Nathen_Jerde@hotmail.com;68;94022;false
Garett;Marlee.Price@gmail.com;86;78311;false
Vicenta;Arden.Howe5@hotmail.com;92;83111;true
Kaela;Libbie.Morissette@gmail.com;56;22205;false
Autumn;Stephan61@yahoo.com;63;51708;true
Waino;Kathleen.MacGyver@yahoo.com;100;84016;true
Grady;Peyton12@hotmail.com;40;20409;false
Oda;Jaron_Stiedemann94@yahoo.com;28;15169;false
Easton;Anya.Harvey@hotmail.com;51;69390;true
Bonita;Sonny_Baumbach97@hotmail.com;60;21788;false
Ilene;Adrian90@gmail.com;73;23083;false
Delia;Judge_Muller@hotmail.com;78;39533;true
Brain;Madison95@yahoo.com;36;78811;false
Darby;Victoria.Schuster@gmail.com;80;89216;true
Emmet;Lina_Fritsch62@gmail.com;99;21217;true
Ryan;Christophe.Schaden@gmail.com;96;25835;false
Velda;Ernest25@hotmail.com;96;63637;true
Leatha;Concepcion.Koss@hotmail.com;10;80705;true
Salvatore;Meta_Wiza@yahoo.com;36;94106;false
Raina;Megane_Braun@yahoo.com;92;51954;true
Maybell;Lennie.Reynolds@gmail.com;96;22179;true
Cecilia;Priscilla.Tromp31@yahoo.com;85;83863;false
Noe;Estel.Lubowitz@gmail.com;19;40285;false
Horacio;Estel97@hotmail.com;59;96960;false
Patricia;Joan_Balistreri@gmail.com;90;81331;false
Alisa;Loy.Wehner@hotmail.com;59;89877;true
Lisette;Jaida5@gmail.com;23;60958;false
Edythe;Jarred_Kling@yahoo.com;27;77191;false
Lina;Burdette.Rice-Wisoky@gmail.com;26;26322;true
Nikita;Marley_Connelly@yahoo.com;10;48818;true
Ignatius;Allen.Parker4@hotmail.com;70;70907;false
Hyman;Cory.Sanford76@hotmail.com;49;93586;false
Otis;Betsy_Pollich@hotmail.com;79;93777;true
Abdiel;Emmanuel12@gmail.com;71;49847;false
Nichole;Loy_Rice@hotmail.com;96;08152;true
Lauriane;Kylee_Bernier-Schulist27@hotmail.com;68;02963;true
Sheridan;Shyanne_Schamberger@yahoo.com;14;81656;false
Jon;Rozella31@yahoo.com;72;19270;true
Trey;Efren60@gmail.com;84;73960;true
Carmela;Sierra66@yahoo.com;88;92601;false
Vern;Kavon_Gulgowski82@gmail.com;63;23975;false
Margarett;Earnest93@gmail.com;79;88189;true
Shad;Amanda5@yahoo.com;99;25630;true
Izaiah;Amara.Paucek@hotmail.com;58;03975;true
Bernard;Emery81@hotmail.com;76;90799;false
Reggie;Daisy.Klein@hotmail.com;61;38821;false
Ines;Kenneth_Mayer91@gmail.com;14;99312;false
Mozelle;Tanya_Johnston@hotmail.com;83;12728;true
Savion;Carlo22@yahoo.com;19;99503;true
Karianne;Carey65@gmail.com;65;11545;false
Chance;Marion_Hane15@gmail.com;89;54972;false
Krystal;Sonia31@yahoo.com;78;69913;false
Emanuel;Alvera19@yahoo.com;93;49872;true
Giovanni;Kaylin.Kemmer79@hotmail.com;73;59683;false
Mya;Pete_Johns@gmail.com;43;32465;true
Gage;Alize.Parker@hotmail.com;26;26071;false
Natalie;Helga14@hotmail.com;94;83596;true
Ned;Brannon_Cruickshank-Baumbach@yahoo.com;92;50014;true
Aubrey;Salma_Gerhold55@gmail.com;96;94076;false
Maritza;Kacey23@yahoo.com;53;78420;true
Marty;Belle22@yahoo.com;58;83771;true
Christa;Shanie.Gerlach@yahoo.com;98;26527;false
Rachel;Charity.Yost99@gmail.com;87;94691;false
Ruby;Pete_Konopelski2@gmail.com;41;36450;false
Nelle;Damian.Tremblay25@gmail.com;19;20709;false
Treva;Deborah67@gmail.com;44;97089;true
Dawson;Cedrick51@hotmail.com;24;82906;true
Valerie;Camille.Kassulke@gmail.com;25;43385;true
Riley;Patricia89@hotmail.com;54;10505;true
May;Lynn_Miller@yahoo.com;76;43773;false
Coleman;Elisabeth_Stroman48@yahoo.com;93;01692;true
Daniella;Kristian.Lubowitz67@yahoo.com;75;44602;true
Damion;Trinity81@gmail.com;39;49877;true
Ahmad;Kadin_Gutmann46@yahoo.com;17;44812;true
Elias;Mozell_Durgan71@gmail.com;75;51110;true
Larue;Shaina68@hotmail.com;99;88660;true
Araceli;Jameson12@yahoo.com;74;28674;false
Dorian;Sylvia91@yahoo.com;10;75874;false
Danial;Kristian79@hotmail.com;34;35240;true
Lelia;Pinkie.Mayert61@gmail.com;11;56108;true
Melba;Edyth_Dare@gmail.com;80;71036;false
Saul;Darien_Ruecker@hotmail.com;62;19056;true
Gerry;Mara_Moore@gmail.com;65;63571;true
Bertram;Kody.Ernser13@gmail.com;41;46070;true
Gabrielle;Izaiah4@yahoo.com;90;44243;true
Dina;Susan.Willms64@hotmail.com;47;94118;true
Virgil;Catalina.Mohr@gmail.com;70;13333;false
Lillie;Charles46@yahoo.com;71;88920;true
Mozell;Kiana.Howe@gmail.com;11;53048;false
Amparo;Evert13@gmail.com;14;64691;true
Albina;Chasity_Wunsch89@hotmail.com;43;49311;true
Nyasia;Dexter_Okuneva95@gmail.com;91;42319;false
Elsie;Wilma23@hotmail.com;62;92128;true
Carson;Raoul.Reichel@hotmail.com;100;69191;true
Eleonore;Kennedy64@gmail.com;42;63541;true
Juvenal;Nils_Huel65@gmail.com;99;66164;true
Marques;Caitlyn49@yahoo.com;78;90912;false
Caleb;Moshe14@yahoo.com;31;16835;true
Mariana;Derick_Bernhard80@hotmail.com;31;94009;false
Aileen;Eloisa_Beatty@gmail.com;65;95871;true
Evie;Jaycee_Ebert58@yahoo.com;25;98129;false
Sylvia;Kareem.Hansen98@yahoo.com;80;04523;false
Sammy;Laisha81@yahoo.com;37;59033;true
Michaela;Reinhold.Balistreri86@yahoo.com;48;30414;false
Gracie;Reynold.Legros-Trantow88@hotmail.com;20;25530;false
Jaylin;Melvina.Lakin97@gmail.com;89;16070;true
Adrian;Cruz_Hodkiewicz@gmail.com;94;15021;false
Marjorie;Carolyn_Kozey@yahoo.com;46;58777;true
Raven;Carmine_Lind@gmail.com;71;79846;true
Pablo;Jerad.Shanahan@hotmail.com;92;69730;true
Jacklyn;Zander.Reichel27@gmail.com;94;98185;true
Taryn;Hershel.Sanford14@gmail.com;80;10896;false
Timmy;Elda.Swift@gmail.com;26;63237;false
Demetrius;Emmie_Ortiz@yahoo.com;55;38987;false
Coty;Elvera10@hotmail.com;71;26031;false
Glennie;Stewart.Langworth@hotmail.com;93;84191;false
Shaun;Marisol_Deckow@gmail.com;62;47937;false
Skye;Kaley30@gmail.com;46;85058;true
Obie;Ora6@gmail.com;74;61239;true
Jude;Breanna.Lemke@gmail.com;30;11925;false
Douglas;Mavis_Romaguera19@yahoo.com;14;05544;false
Maxine;Allene98@hotmail.com;14;37385;true
Kyler;Constance.Murazik@hotmail.com;58;55293;true
Marisa;Rowena83@yahoo.com;56;21556;true
Faye;Raegan.Kuhic27@yahoo.com;32;56137;true
Chelsea;Adrain.Robel37@gmail.com;72;03913;true
Bryce;Leilani.Hickle@hotmail.com;75;84081;false
Lucy;Frida74@hotmail.com;94;64458;false
Jazlyn;Cody_Harvey96@hotmail.com;24;73610;false
Graham;Nannie.Maggio@gmail.com;45;54773;false
Jacquelyn;Garrett_Zboncak@gmail.com;24;58731;true
Beth;Maximillia_Huel84@yahoo.com;27;24371;true
Sasha;Rogelio_Greenholt36@hotmail.com;75;82824;false
Judah;Korbin64@hotmail.com;58;24374;false
Sabryna;Juliana90@hotmail.com;79;85260;true
Alisa;Michel88@hotmail.com;77;87573;true
Marcos;Tatum_Lynch43@gmail.com;92;92759;false
Lucie;Lottie_Kassulke40@hotmail.com;39;06859;false
Anahi;Darren_Becker44@hotmail.com;53;09583;true
Mitchell;Peter.Crist-Braun@hotmail.com;48;65956;false
Jamarcus;Bobby_Pfeffer38@yahoo.com;70;49440;true
Ibrahim;Buford.Botsford32@gmail.com;37;96109;false
Juliana;Brennon_West@hotmail.com;73;93753;false
Gerry;Marguerite85@gmail.com;66;81886;false
Kianna;Chase_Beahan7@gmail.com;76;28542;false
Antonina;Justina_Larkin@yahoo.com;38;72841;true
Kaleb;Jerrell_Nikolaus@hotmail.com;48;75838;false
Boyd;Constance.Zboncak@gmail.com;68;43783;false
Lydia;Moshe.Connelly11@hotmail.com;97;22336;true
Cletus;Monroe71@hotmail.com;68;52550;false
Darrel;Tamara56@yahoo.com;75;73675;true
Judah;Aditya28@hotmail.com;36;96266;false
Thalia;Dante_Heidenreich75@hotmail.com;35;22724;true
Hulda;Evalyn46@yahoo.com;41;22992;true
Kieran;Presley58@hotmail.com;36;11547;false
Marilie;Eryn_Franey@gmail.com;69;01632;true
Vern;Andreane.Hagenes@yahoo.com;70;16111;false
Neha;Nya.Waelchi88@yahoo.com;68;43275;false
Alfonzo;Augustine.Becker46@hotmail.com;60;85699;true
Christop;Georgiana68@gmail.com;87;86618;false
Einar;Johnson.Ruecker@yahoo.com;52;24643;true
Arch;Cathy_Klein34@hotmail.com;20;40732;true
Dejon;Octavia_Wiza28@hotmail.com;32;19767;true
Catharine;Kenna32@gmail.com;96;53717;true
Schuyler;Eldon_Kris@yahoo.com;66;10950;false
Laney;Janet.Ledner@yahoo.com;28;38112;true
Cara;Liam_Dickinson96@hotmail.com;85;80915;false
Margot;Annalise67@gmail.com;63;84074;false
Jammie;Corene.Oberbrunner36@hotmail.com;63;94191;false
Marlee;Autumn27@yahoo.com;24;58373;false
Samir;Leo.Aufderhar5@hotmail.com;50;95304;false
Halle;Annamae_Williamson@gmail.com;24;25412;false
Greg;Jaeden_Wuckert80@hotmail.com;36;07487;false
Norberto;Lilliana.Legros@hotmail.com;86;37975;false
Elian;Nakia_Schmidt24@hotmail.com;32;62358;true
Rhianna;Rosalee.Cummings8@hotmail.com;78;82935;false
Mozelle;Philip.Homenick@gmail.com;37;45553;false
Lela;Lenora.Weber66@hotmail.com;80;25873;true
Romaine;Mustafa8@yahoo.com;54;36956;true
Santos;Kevon_Schinner90@yahoo.com;67;23031;true
Romaine;Salma_DAmore-Goldner35@gmail.com;75;93502;true
Erin;Kim39@yahoo.com;30;87328;false
Antonia;Lexus.Harvey@hotmail.com;27;61812;true
Caesar;Henry7@yahoo.com;96;57767;true
Wiley;Ophelia76@hotmail.com;50;87512;false
Roosevelt;Shanon36@yahoo.com;65;78578;false
Zack;Austyn.Reinger92@hotmail.com;79;11892;false
Clementine;Naomie_Gleichner@gmail.com;22;74753;true
Lorine;Kamryn67@yahoo.com;40;30170;true
Tito;Janiya_Stracke12@yahoo.com;36;02438;false
Owen;Lesly.Emmerich@yahoo.com;68;08013;false
Glenna;Griffin.Price48@yahoo.com;24;98369;false
Marques;Mittie_Johnson39@yahoo.com;64;97313;true
Julian;Tess.Balistreri@yahoo.com;93;49184;true
Icie;Amya_Macejkovic@yahoo.com;81;11598;false
Newton;Ara_Hegmann80@yahoo.com;31;00345;true
Taya;Alverta_Johnston-Wiegand@hotmail.com;61;20803;false
Sierra;Greg39@yahoo.com;15;84132;false
Anabelle;Jevon19@yahoo.com;84;41699;true
Otilia;Sonya76@gmail.com;24;49006;true
Samantha;Rosa.Schuster@yahoo.com;46;33720;false
Hester;Russell50@hotmail.com;96;73396;true
Vito;Matilde.Mayert87@hotmail.com;74;96896;false
Carolyne;Elenor_Beier@gmail.com;79;35353;true
Rita;Elijah70@hotmail.com;86;85926;false
Myrl;Elroy28@yahoo.com;71;49738;true
Santiago;Manley.Cartwright78@yahoo.com;56;25076;false
Alvis;Aracely.Bernhard@hotmail.com;97;75013;false
Margie;Garland80@gmail.com;87;27136;true
Kip;Marquise.Gutkowski26@gmail.com;75;95170;true
Benjamin;Adrien17@hotmail.com;78;92294;false
Romaine;Arvel59@yahoo.com;80;00453;true
Casimer;Misty.Wilderman2@gmail.com;77;89004;true
Emma;Vada.Conroy@yahoo.com;47;84461;true
Dovie;Reggie.OReilly-Bernier90@gmail.com;15;97303;true
Wyman;Marta.Bruen0@gmail.com;63;81399;true
Meta;Maximillian40@yahoo.com;78;86183;false
Ocie;Eldred13@yahoo.com;19;61061;false
Olga;Rosalee10@yahoo.com;77;35168;false
Micheal;Dewayne_OKeefe@gmail.com;62;30035;true
Alaina;Kariane.Hamill60@hotmail.com;92;61353;true
Aracely;Buford.Langosh71@gmail.com;51;77298;true
Otha;Meghan61@yahoo.com;98;68497;false
Zion;Pattie.Dickens-Grant@yahoo.com;46;70348;false
Kayla;Margarett78@hotmail.com;82;54718;false
Cecil;Tod_Grant80@yahoo.com;11;32334;true
Priscilla;Aida_Bechtelar46@gmail.com;50;36221;true
Charity;Hiram.Steuber@gmail.com;17;76721;true
Princess;Jace.Ledner10@gmail.com;83;16268;true
Devin;Julie.Bahringer54@hotmail.com;38;60193;false
Sienna;Kayleigh_Herzog94@gmail.com;29;75305;true
Madalyn;Bailey_Breitenberg51@gmail.com;95;81357;false
Abbie;Ayana33@hotmail.com;42;76360;true
Haylie;Karianne.Conn69@gmail.com;51;70234;false
Vince;Alta11@hotmail.com;65;80818;false
Juvenal;Jamie.Bauch@yahoo.com;29;15234;false
Alejandra;Earnest_Jast@hotmail.com;17;84783;false
Blake;Arielle35@yahoo.com;82;91895;true
Daren;Edyth76@gmail.com;22;63345;false
Sim;Ashleigh30@hotmail.com;48;75079;true
Rahsaan;Cecilia_Schultz@hotmail.com;91;67633;false
Asa;Grayson_Wolff@yahoo.com;58;19309;true
Brandon;Selina67@gmail.com;24;46803;false
Clemens;Elton.Littel@hotmail.com;80;37206;true
Prince;Kennith.Blanda26@yahoo.com;81;28211;false
Abdiel;Karlie.Considine@gmail.com;76;57175;true
Ricardo;Jess_Von78@yahoo.com;64;53928;false
Merlin;Abigayle_Goodwin61@gmail.com;52;55389;false
Sincere;Delores.Pagac85@hotmail.com;55;02464;false
Alverta;Tanner33@hotmail.com;99;59944;false
Lacey;Wanda22@hotmail.com;89;64411;false
Merritt;Marisa_Spencer@gmail.com;15;06579;false
Alisha;Ben77@gmail.com;75;50399;true
Linwood;Monte_Harris87@hotmail.com;56;45453;false
Muhammad;Lelah.Kunze25@gmail.com;87;91972;true
Elbert;Mariela42@yahoo.com;57;39081;false
Rene;Mossie.Swaniawski26@hotmail.com;27;03139;true
Randall;Delta_Koelpin@gmail.com;31;25376;false
Golden;Franz.Greenfelder-Aufderhar55@yahoo.com;26;74714;false
Allison;Arvid_Schmitt58@yahoo.com;32;34901;false
Marcel;Ambrose52@hotmail.com;74;60525;true
Duncan;Ludwig30@hotmail.com;52;02086;false
Lillie;Esther52@gmail.com;87;62773;true
Dewitt;Garret.Considine@hotmail.com;94;82923;true
Brain;Ubaldo.Pacocha61@hotmail.com;37;69605;false
Dulce;Lexie78@hotmail.com;53;48141;true
Kasey;Arnaldo92@hotmail.com;81;92133;true
Cristian;Jayde.Murray@yahoo.com;47;02404;false
Isai;Charity_Ziemann-Thompson39@yahoo.com;33;77870;true
Ilene;Heidi_Rath30@yahoo.com;81;58811;false
Keshaun;Kaylie_Gulgowski46@gmail.com;22;64791;true
Marguerite;Myriam.Lebsack42@hotmail.com;72;01589;true
Lily;Clarissa.Legros80@yahoo.com;82;72629;true
Josue;Elta58@hotmail.com;22;22374;true
Kenyon;Rey.Boyle75@yahoo.com;79;96199;true
Briana;Layla_Powlowski@yahoo.com;80;51238;false
Bethel;Sigurd91@hotmail.com;86;16134;false
Filomena;Evert_Murphy58@yahoo.com;53;01989;true
Lyric;Britney_OHara@yahoo.com;26;28096;false
Dawn;Simeon23@gmail.com;99;75715;false
Susanna;Glenna_Reilly@hotmail.com;48;41764;true
Jadyn;Marjolaine.Beier15@yahoo.com;51;76900;false
Tania;Unique_Stanton10@gmail.com;32;82327;false
Domenic;Karli.Marvin60@hotmail.com;75;93960;true
Arden;Tyrell.Trantow3@gmail.com;87;36619;true
Burley;Kyra0@hotmail.com;47;76563;true
Thora;Santa.Rath@hotmail.com;80;98657;false
Delaney;Cassandra.Strosin61@hotmail.com;70;57136;true
Jasper;Mariah40@gmail.com;64;66656;true
Suzanne;Alexis.Champlin@yahoo.com;49;82870;false
Deangelo;Nicole_Botsford@hotmail.com;85;15678;true
Abigale;Raul_Kilback72@yahoo.com;90;11263;false
Syble;Rigoberto_McDermott@yahoo.com;33;30468;true
Bell;Adalberto93@gmail.com;22;77735;true
Ward;Samanta.Lakin@hotmail.com;25;39547;false
Elmore;Brittany51@yahoo.com;52;10208;false
Rhiannon;Manuela81@gmail.com;71;97317;true
Olga;Patricia.Ritchie@gmail.com;70;85034;false
Wilhelm;Donavon_Gulgowski@hotmail.com;70;23072;true
Jess;Lane_Quigley78@hotmail.com;65;37484;false
Arvid;Derek0@yahoo.com;64;99923;false
Anais;Fern_Gorczany62@yahoo.com;12;16257;false
Ryley;Lula75@gmail.com;97;85115;true
Jena;Giovani.Erdman-Hane72@yahoo.com;21;56367;true
Carmela;Henry57@gmail.com;15;66358;true
Dante;Steve.Cassin-Hettinger@yahoo.com;57;71230;false
Ismael;Edgar.Skiles78@yahoo.com;68;76198;false
Coleman;Samanta_Huel36@yahoo.com;100;04150;false
Mercedes;Moriah.Fahey@hotmail.com;65;64027;true
Sedrick;Buford83@hotmail.com;29;50425;false
Caroline;Nathen.Considine@yahoo.com;89;27238;false
Kianna;Lea.Fritsch71@yahoo.com;55;02294;false
Brionna;Imani.Waelchi@hotmail.com;55;92741;true
Gretchen;Lue.Fay63@yahoo.com;31;77380;false
Dora;Roscoe.Dickinson@gmail.com;27;13657;true
Malvina;Mabelle.Jones56@gmail.com;71;95851;true
Jaquelin;Yoshiko.Ankunding5@gmail.com;46;95559;false
Velda;Gerhard.Kulas@gmail.com;46;73961;false
Thalia;Jerrell.Hand@gmail.com;76;40725;false
Dwight;Kane32@yahoo.com;69;20896;true
Graciela;Magnolia_Kshlerin86@gmail.com;98;02576;false
Kaia;Mohammed_Howe96@hotmail.com;68;32333;true
Gus;Eleazar.Tromp@hotmail.com;79;77891;false
Alden;Stephen51@yahoo.com;36;66437;false
Aurelia;Elroy47@gmail.com;57;23543;false
Tristian;Madelyn_King88@gmail.com;16;29496;false
Karson;Evan15@hotmail.com;41;95452;true
Jay;Christian_Ferry@hotmail.com;88;83269;false
Perry;Shanna_Kris@yahoo.com;61;28199;false
Carmen;Stacy_Paucek21@yahoo.com;40;34814;true
Regan;Kaycee.Stroman@hotmail.com;65;15555;false
Phoebe;Judah_Jakubowski9@gmail.com;99;19381;false
Melvina;Elena.Krajcik86@hotmail.com;17;58474;true
Kasandra;David.McGlynn78@yahoo.com;64;78424;false
Jana;Ralph.Berge8@gmail.com;61;22746;true
Otto;Hans.MacGyver22@gmail.com;35;91374;false
Jalen;Amira.Purdy48@hotmail.com;45;16668;false
Ruby;Eldred_Quitzon@gmail.com;67;00551;false
Ford;Scottie83@gmail.com;21;09196;false
Earl;Tate.Wisozk@yahoo.com;33;12913;false
Ivy;Ewald.McGlynn@hotmail.com;63;70895;true
Olga;Delaney_Volkman22@hotmail.com;94;17021;false
Eloisa;Pamela.Bogan@yahoo.com;98;69153;true
Demario;Bonita_OHara@gmail.com;44;52403;true
General;Ali_Von75@gmail.com;96;30640;false
Birdie;Jayne.Johnston@yahoo.com;18;62321;false
Heather;Heather53@hotmail.com;38;00948;true
Trudie;Erik.Fadel87@hotmail.com;33;36886;true
Lupe;Blake_Bernier@hotmail.com;35;98727;true
Mavis;Enid_Glover90@gmail.com;26;50669;true
Emelia;Sammy.Balistreri@gmail.com;77;47549;false
Niko;Ayla.Gislason@yahoo.com;40;54219;true
Rhea;Geovanni34@yahoo.com;52;18372;true
Thelma;Noe_Hermann@hotmail.com;70;96074;false
Della;Ima_Blick@yahoo.com;90;13997;true
Merle;Lyda28@gmail.com;89;65487;true
Skylar;Drew_Von@gmail.com;50;85496;false
Brent;Jamie_Franecki@hotmail.com;61;65913;false
Lauretta;Cynthia_Kuphal@hotmail.com;13;72312;false
Burnice;Norris42@yahoo.com;71;08147;true
Deborah;Michele99@hotmail.com;29;14217;false
Napoleon;Osvaldo.Mueller12@hotmail.com;64;91541;true
Gordon;Ford.Schulist79@hotmail.com;80;71905;true
Alfred;Emiliano.Lakin-Goyette67@yahoo.com;46;07974;false
Cornell;Isabell_Harris-McGlynn54@gmail.com;42;18405;true
Janessa;Maryjane63@yahoo.com;80;06067;false
Michael;Rashawn_Kirlin33@yahoo.com;22;27654;true
Jeanette;Violette.Wisozk@gmail.com;21;82602;false
Edna;Keven26@hotmail.com;11;76748;false
Jennie;Milford.Nienow-Rohan@hotmail.com;69;65247;true
Hadley;Lon47@hotmail.com;85;62245;true
Adeline;Elliot64@gmail.com;87;39838;false
Aric;Susana99@hotmail.com;63;13595;true
Ervin;Lauriane80@yahoo.com;44;88427;false
Emilia;Amber46@yahoo.com;76;08152;true
Pansy;Hillard.Hauck69@hotmail.com;20;58681;false
Laney;Geovanni_Ferry68@yahoo.com;99;04215;true
Miller;Joelle_Murazik@hotmail.com;43;81053;true
Sigurd;Shawn.Kulas18@hotmail.com;32;95725;false
Sierra;Nestor1@yahoo.com;83;30040;true
Bonnie;Veda91@gmail.com;77;14236;true
Clare;Maria78@yahoo.com;13;93869;true
Preston;Jane.Strosin@yahoo.com;35;80099;false
Derek;London15@yahoo.com;30;14701;false
Weldon;Litzy.Turner@yahoo.com;75;70624;true
Darrell;Jakob_Spinka49@gmail.com;37;60486;false
Paula;Elmo.Hand59@yahoo.com;29;58869;true
Kira;Annie.Rosenbaum@gmail.com;68;86015;false
Travon;Rose_Jaskolski40@hotmail.com;22;24047;false
Marilyne;Ayden47@yahoo.com;50;70822;true
Brionna;Giovanni.Heathcote@yahoo.com;16;69724;true
Margarett;Berry_Bode31@gmail.com;28;65277;false
Brice;Delfina_Thompson77@hotmail.com;22;00455;false
Elisha;Andreane93@yahoo.com;91;10272;false
Cecil;Jordy_Harris@hotmail.com;67;49377;false
Lois;Euna_Stoltenberg@hotmail.com;72;34620;false
Madison;Delia71@yahoo.com;11;22203;false
Pearl;Estefania94@gmail.com;19;61879;false
Erich;Noel.White58@gmail.com;41;00291;false
Laron;Newton.Batz78@gmail.com;94;00529;false
Zack;Nickolas.Spinka21@yahoo.com;90;99648;true
Pascale;Tiara.Kunze@gmail.com;36;42551;false
Garth;Riley75@gmail.com;17;39095;false
Emmy;Laurence45@hotmail.com;56;73992;true
Chloe;Herminia_Abernathy70@gmail.com;87;13958;true
Sasha;Meggie58@gmail.com;52;48109;true
Orval;Giovanna.Wisozk@hotmail.com;89;27528;false
Isabel;Clyde_Deckow57@gmail.com;42;14237;true
Riley;Anne_Thompson@yahoo.com;67;80701;false
Caitlyn;Rita_Schuppe17@gmail.com;37;10869;true
Nola;Loma_Lemke@gmail.com;51;30855;true
Ettie;Jennie27@yahoo.com;68;71305;false
Jody;Jesus3@gmail.com;11;88101;false
Chanel;Marcos.Raynor-Kreiger@gmail.com;75;01347;true
Fred;Lacey_Koelpin89@gmail.com;19;72109;true
Edna;Rebeca_Farrell-OReilly@gmail.com;90;40045;true
Linnea;Jasper_Boehm54@hotmail.com;62;72270;false
Susie;Bo.Goldner80@hotmail.com;83;01885;false
Philip;Orval30@gmail.com;17;00378;true
Willow;Tess38@yahoo.com;17;04854;false
Vincenza;Tanya65@gmail.com;24;10927;true
Selina;Mason87@hotmail.com;31;03964;true
Kaitlin;Alva.Shields@hotmail.com;19;54624;true
Maymie;Leanna_Berge29@gmail.com;84;15375;false
Norberto;Ethan81@gmail.com;14;31655;false
Chet;Maudie43@yahoo.com;45;99071;true
Dudley;George8@yahoo.com;27;19777;false
Antonette;Wyman.Aufderhar-Tromp32@hotmail.com;87;51194;true
Ricardo;Candice.Senger@gmail.com;38;63680;true
Isabell;Madelyn99@yahoo.com;91;21467;false
Carlee;Osvaldo61@yahoo.com;78;42811;false
Arnold;Leo26@gmail.com;92;62431;false
Ambrose;Kacie92@hotmail.com;13;50430;true
Trudie;Mackenzie17@gmail.com;26;87972;true
Elmer;Alycia93@yahoo.com;74;68112;false
Sammy;Evert.Wisoky4@hotmail.com;69;30877;true
Raina;Trent_Considine10@yahoo.com;19;31712;true
Kraig;Marisa.Carter50@hotmail.com;48;64286;false
General;Melody_Goodwin@yahoo.com;44;29468;false
Payton;Coty.Lowe71@hotmail.com;79;98533;true
Jerry;Eleanora2@gmail.com;92;51758;false
Justine;Ludwig.Emard3@hotmail.com;92;05453;false
Jamil;Rubie28@yahoo.com;57;57143;false
Corene;Retha_Windler@hotmail.com;81;12455;false
Montana;Idella22@yahoo.com;49;43547;true
Coy;Giles10@yahoo.com;10;60812;true
Malcolm;Thea82@gmail.com;40;84597;false
Pattie;Marcellus24@hotmail.com;98;33966;true
Fausto;Steve.Beatty20@yahoo.com;94;21510;true
Queen;Dudley20@yahoo.com;70;41327;true
Jeanne;Felix69@yahoo.com;83;11328;true
Cara;Edmond43@gmail.com;53;56656;false
Heloise;Maegan_Weissnat15@gmail.com;74;24705;false
Freddie;Arthur.Bartell75@yahoo.com;21;12311;false
Billie;Jamar.Pagac@gmail.com;41;81551;false
Dayton;Carmella_Schuster@yahoo.com;100;55394;false
Otto;Amya35@hotmail.com;53;36046;false
Hildegard;Koby.Baumbach@yahoo.com;61;43236;false
Derick;Ramiro_Bechtelar-Frami85@gmail.com;20;81624;false
Morton;Hilton.Blick@gmail.com;18;49583;true
Keely;Reggie19@hotmail.com;32;65907;true
Orin;Baylee_Mertz@yahoo.com;63;24059;false
Mathilde;Roselyn.Leffler18@yahoo.com;80;05033;true
Genesis;Kaelyn_Hyatt7@yahoo.com;69;72778;true
Travis;Kaitlin79@yahoo.com;95;97810;true
Samson;Warren.Connelly63@yahoo.com;41;88741;false
Lambert;Carlo.Cassin62@yahoo.com;75;25985;true
Letha;Anibal.DuBuque@gmail.com;20;25763;true
Rico;Vicente.Littel17@yahoo.com;54;98442;false
Cortez;Jared52@gmail.com;18;88473;true
Ida;Odell.Blanda74@hotmail.com;69;12918;false
Ines;Barrett40@gmail.com;45;21967;false
Frederic;Leanna.Barton@hotmail.com;37;54835;false
Leonie;Caesar4@yahoo.com;29;91043;false
Kristian;Joan.Krajcik@hotmail.com;48;71433;false
Irwin;Frankie.Wilkinson2@hotmail.com;69;89441;true
August;Era60@gmail.com;25;77463;true
Oswaldo;Conner3@yahoo.com;28;34544;false
Abigayle;Delfina30@gmail.com;85;52674;false
Niko;Paxton_Schmidt42@hotmail.com;25;14237;false
Domenic;Noelia_Jaskolski17@gmail.com;68;66694;true
Eveline;Mina80@gmail.com;73;63716;false
Stephen;Daren.Leuschke@gmail.com;21;30964;false
Heaven;Una.Langworth@yahoo.com;60;38848;false
Kris;Jaren96@yahoo.com;93;10960;false
Jameson;Mercedes.Schiller58@yahoo.com;95;66905;false
Louvenia;Bernice_Hilpert@hotmail.com;82;54141;false
Kiarra;Annamarie_Stamm@hotmail.com;12;28359;false
Astrid;Nigel_Friesen91@hotmail.com;71;29599;true
Paul;Aracely94@hotmail.com;96;23539;true
Linnie;Jaclyn64@gmail.com;61;32029;false
Trey;Agnes49@gmail.com;49;50563;true
Delpha;Rollin_Hermann@yahoo.com;87;00425;true
Alexandrea;Vanessa_Hermann@gmail.com;100;69622;false
Linnea;Rebeca.Fisher@yahoo.com;72;82257;false
Ismael;Bennett74@gmail.com;96;12661;true
Devonte;Hortense_Breitenberg50@yahoo.com;68;04824;false
Felipe;Dario.Marks71@yahoo.com;56;69335;true
Ned;Jaclyn_Willms@yahoo.com;65;47274;false
Moriah;Dwight.Mills57@gmail.com;36;61944;true
Keara;Elnora.Kessler99@hotmail.com;64;29321;true
Donny;Albin.VonRueden96@yahoo.com;49;15583;true
Benjamin;Victoria63@gmail.com;76;44096;false
Kolby;Maci_Berge60@hotmail.com;59;14594;true
Derek;Camron82@yahoo.com;80;05305;true
Clay;Adriel_Vandervort50@yahoo.com;82;88495;false
Julius;Guiseppe93@hotmail.com;57;32729;false
Angie;Domenic41@hotmail.com;62;25459;false
Fleta;Taylor24@yahoo.com;89;13834;false
Bernardo;Harold83@hotmail.com;23;63412;true
Efrain;John.Ruecker50@yahoo.com;24;20426;false
Salvador;Jadon_Hilpert@gmail.com;96;92622;true
Benton;Althea.Farrell@yahoo.com;68;47715;true
Jasen;Fannie.Ullrich18@hotmail.com;27;65591;false
Judy;Phyllis_Daugherty82@yahoo.com;34;49010;true
Nathanial;Ryann_Windler@yahoo.com;90;90799;false
Andreane;Elisha.Langworth@hotmail.com;22;00881;false
Harvey;Amani.Emmerich@hotmail.com;38;69659;false
Angel;Onie_Ratke55@yahoo.com;25;22706;false
Erika;Anastasia13@hotmail.com;33;00000;true
Blanca;Ivory.Gusikowski@hotmail.com;80;09597;false
Vicky;Gerry32@yahoo.com;31;20130;true
Sincere;Mary70@hotmail.com;89;87977;true
Javonte;Aliza55@yahoo.com;25;75617;false
Reuben;Saige_Fritsch33@gmail.com;46;34615;false
Valentin;Burnice4@hotmail.com;62;59327;false
Cletus;Marcia81@yahoo.com;53;06978;true
Oceane;Bill.Will20@yahoo.com;30;85276;true
Riley;Andrew78@gmail.com;95;87943;false
Joannie;Ara.Gerlach93@gmail.com;14;91980;true
Brad;Dawn52@hotmail.com;80;35751;false
Shawna;Peggie.Weber57@gmail.com;76;00036;false
Emmalee;Pierce72@gmail.com;57;62103;true
Reba;Allene.Mohr@yahoo.com;49;83669;false
Courtney;Columbus.Wiegand@gmail.com;95;98808;false
Karson;Austin.Hand@hotmail.com;51;86622;false
Rosina;Martin.Heathcote3@yahoo.com;11;41174;true
Juanita;Elwyn25@hotmail.com;17;23608;true
Kim;Jaquelin.Conn@gmail.com;35;72611;false
Frederique;Anastasia_Fritsch@yahoo.com;49;03439;false
Lola;Manley_Harvey@hotmail.com;86;09258;true
Mable;Rocky47@gmail.com;96;53373;false
Jovany;Lavonne_Towne24@yahoo.com;68;23895;false
Ramon;Mafalda.Armstrong65@hotmail.com;97;27580;true
Constantin;Kaylin95@gmail.com;40;40650;true
Irma;Dorris_Kertzmann3@yahoo.com;66;49302;false
Jerome;Demarcus_Murray@gmail.com;62;04600;false
Magnolia;Caesar_Cummings56@hotmail.com;67;28847;true
Hannah;Ernie.Bechtelar@gmail.com;96;92436;false
Antone;Vallie_Hettinger@hotmail.com;35;34203;true
Evan;Noemie32@gmail.com;88;08925;true
Marcos;Lou.Paucek64@gmail.com;46;15487;true
Derick;Hilario_Langworth@yahoo.com;34;75169;false
Braden;Alford69@gmail.com;24;07514;false
Heath;Leon.Willms@gmail.com;79;25319;false
Maxine;Marlin4@yahoo.com;27;64690;false
Curt;Emily.Howell@yahoo.com;73;21938;true
Jeanette;Rhett_Harvey14@yahoo.com;88;83977;true
Raoul;Josefa_Cummerata@hotmail.com;42;10370;false
Pasquale;Tiana_Kihn3@yahoo.com;30;12646;true
Sabrina;Micah96@gmail.com;46;08710;false
Lonny;Andreanne40@gmail.com;71;76088;true
Tomasa;Gunner6@gmail.com;81;05215;true
Richard;Zora.Heller33@yahoo.com;76;40461;true
Marcellus;Kayleigh_Buckridge@hotmail.com;50;90358;false
Haylee;Cody71@yahoo.com;96;99848;true
Gretchen;Deonte_Morar88@yahoo.com;15;10147;false
Magdalen;Amaya_Vandervort@hotmail.com;90;31914;true
Jeff;Audie_Kilback10@yahoo.com;61;58325;true
Eleanore;Esmeralda.Spencer65@yahoo.com;40;59285;false
Ernestine;Shad.Mills@hotmail.com;70;67402;false
Seamus;Aglae.Predovic4@gmail.com;96;32932;true
Lavonne;Soledad42@gmail.com;59;12134;false
Daphney;Caitlyn_Hermiston@yahoo.com;42;75250;true
Lois;Skylar_Hettinger@gmail.com;51;99801;true
Richard;Velma.Grimes5@yahoo.com;75;08098;false
Clementina;Noel.Ledner@hotmail.com;91;11868;false
Cleora;Loraine.Kub@hotmail.com;39;50380;false
Germaine;Deontae32@yahoo.com;42;47675;true
Aurore;Robbie.Windler64@hotmail.com;98;20493;true
Ed;Amos.Huels@gmail.com;42;13874;false
Ursula;Devonte_Hackett32@yahoo.com;33;09227;true
Alek;Waino_Bednar@gmail.com;14;64543;false
Florine;Gaetano.Torp@gmail.com;48;44008;false
Patricia;Deja.Reinger@yahoo.com;82;76312;false
Andres;Unique_Kautzer16@gmail.com;34;77492;false
Corine;Ryder_Conn37@hotmail.com;29;85178;false
Sandra;Kelton.Gibson@hotmail.com;23;13578;false
Brisa;Andreanne10@yahoo.com;80;00143;true
Narciso;Dedrick.McClure@hotmail.com;22;03971;false
Martine;Michaela59@hotmail.com;25;67377;true
Isom;Imani_Braun68@hotmail.com;99;88815;false
Myrtle;Adela.Ward@gmail.com;33;48520;true
Noe;Julius_Dach74@gmail.com;96;66352;true
Maritza;Gustave_Harber79@hotmail.com;11;45800;false
Eddie;Hillard.Yundt82@gmail.com;95;20758;false
Marielle;Cletus.Littel@gmail.com;17;86148;false
Telly;Devon_Carroll@yahoo.com;47;46593;true
Donny;Tyree2@hotmail.com;52;38822;false
Fabian;Elmer_Macejkovic-Beahan@hotmail.com;59;64205;false
Jeanne;Kaya_Sanford42@gmail.com;31;36455;true
Percival;Adrian_Streich@hotmail.com;64;44108;false
Amely;Cristopher_Gleason20@hotmail.com;91;33335;false
Arturo;Everett_Jast33@yahoo.com;96;44663;true
Stefan;Miguel5@hotmail.com;73;12359;false
Amina;Pattie_Douglas@gmail.com;79;49741;false
Clint;Royal.Greenfelder50@gmail.com;53;10659;true
Lue;Rupert.Olson@gmail.com;85;11659;true
Webster;Abbie_Murray45@yahoo.com;31;22942;false
